Laureen,Rabjohns,6987 Bay Parkway
Arden,Pinfold,106 Trailsway Parkway
Elwira,Hatherleigh,0 Sage Point
Clarita,Layborn,5216 Talisman Place
Marja,Hunnam,393 Delladonna Alley
Kristine,Kinnear,93 Talmadge Park
Rex,Codd,4 Lindbergh Plaza
Dorolisa,Tripney,7331 Victoria Road
Brewer,Jacobowits,1 Beilfuss Road
Raye,Artin,0 Stuart Park
Billie,Lidyard,434 Anzinger Way
Wynnie,Pecey,3869 Killdeer Point
Veronika,Haydney,6453 Butternut Hill
Lazarus,Tejero,3 Weeping Birch Point
Laurie,Brugger,46 Hoffman Trail
Freddi,Clothier,0 Mayfield Center
Linnea,Bonnavant,55 Acker Avenue
Brad,Hotchkin,50 Luster Terrace
Townsend,Burnett,2 Briar Crest Hill
Blondell,Morecombe,2 Carpenter Point
Cordi,Wardale,75003 Rieder Pass
Ermengarde,Morrish,6127 Pawling Junction
Micaela,Boys,3 Heath Plaza
Trey,Cropp,2011 Clarendon Drive
Benn,Searle,0 Nelson Parkway
Rochell,Grief,4379 Boyd Drive
Aarika,Emanson,3176 Manitowish Road
Bernetta,Dearlove,2497 Summerview Drive
Griffith,Hedditch,2 Declaration Road
Yolanthe,Brassill,4 Browning Plaza
Rheta,Fleury,6759 Hoffman Plaza
Bevon,Spackman,5560 Melby Pass
Waylan,Gilbard,71968 Holmberg Lane
Enid,Geal,0 Loeprich Alley
Chauncey,Jahns,90 Stuart Street
Melody,O'Longain,7858 Packers Circle
Madelina,Radloff,724 Moose Avenue
Aymer,Adamiec,813 Sutteridge Place
Gerome,Bentham,2597 Charing Cross Court
Marcelle,Gland,99 Thackeray Trail
Joelly,Klausewitz,7 La Follette Lane
Trudy,Limpertz,946 Fuller Plaza
Hetti,Gillett,1 Monterey Parkway
Freddi,Stemp,34892 Thierer Alley
Merilyn,Yatman,58 Di Loreto Alley
Phedra,Stoak,517 Hooker Street
Clive,Maharey,13377 Golf Drive
Horatius,Klaesson,06548 Reinke Place
Tynan,Marks,8 Pennsylvania Plaza
Daveen,Fyfe,7916 Hanover Trail
Starr,Tunnicliffe,4 Portage Plaza
Aaren,Pilling,16029 Glacier Hill Point
Kora,Nasi,935 Prairie Rose Pass
Sauveur,Chevin,56 Sutteridge Hill
Carmita,Kemsley,22279 Prairie Rose Terrace
Francyne,Elfes,9 Esker Avenue
Gloriana,Parrin,78 Carey Court
Abby,Vasiltsov,8 Sunfield Avenue
Gianni,Clarkson,53525 Darwin Place
Kirsti,Frome,0287 Esch Point
Krysta,Pullen,6 Reindahl Hill
Valma,Jellybrand,840 Forest Court
Kariotta,Tattershaw,7898 Granby Avenue
Humfried,Baldrick,53 Pine View Junction
Biddy,Starie,20252 Crest Line Crossing
Curcio,Dachs,22884 Eliot Parkway
Lee,Shillam,83546 Red Cloud Junction
Kennedy,Rosenschein,7876 Vernon Park
Tamma,Balloch,044 Helena Crossing
Yolane,Pittel,597 Nelson Terrace
Mandy,Wolfinger,6 La Follette Park
Keelia,Lording,46 Eagle Crest Park
Jocelin,Craighead,91792 Vernon Point
Durand,Leggin,8 Dovetail Hill
Marjorie,Culross,13198 Hansons Crossing
Westbrooke,Treuge,07142 Maple Hill
Olwen,Freake,52 Di Loreto Place
Natasha,Haker,367 Debs Drive
Glennie,Fenix,31041 Jackson Plaza
Aime,Goldie,57 Sunnyside Trail
Marleah,Porcas,44409 John Wall Place
Dorisa,Featherstonhaugh,73 Stuart Pass
Judye,Obin,404 Charing Cross Junction
Valentina,Whodcoat,239 Arrowood Junction
Viva,Duffill,16 Petterle Court
Yehudit,Glendza,68 Lunder Terrace
Rona,Worsom,84 Ramsey Plaza
Holly,Fynes,99 Delladonna Crossing
Esma,Godbald,11 Sullivan Place
Ermengarde,Durrance,38544 Center Hill
Pietrek,Hissie,74 Division Avenue
Penn,Murtagh,30 Eagle Crest Avenue
Forest,Dell 'Orto,68954 High Crossing Trail
Berkley,Lodwick,3763 Pepper Wood Road
Melli,Doret,0857 Dennis Park
Carlee,Jeffray,4960 Transport Plaza
Eudora,Swiffan,642 Old Gate Hill
Valli,Brown,41 Shelley Court
Binny,Padkin,4086 Lawn Alley
Kennie,Venditti,0 Vernon Avenue
Major,Savary,722 Ridgeway Pass
Ceciley,Derbyshire,8765 Clemons Place
Babita,Holston,19 3rd Center
Willi,Labden,87 Center Alley
Eugene,Khomich,1 Gateway Way
Herminia,Maryman,61066 John Wall Way
Ketty,Kaas,260 Center Avenue
Johny,Gilley,84 Lakeland Street
Job,Jiroutka,8 Hansons Crossing
Monro,Leteurtre,7187 Arkansas Avenue
Pepillo,Elstub,74910 Nobel Circle
Gerrie,Horrigan,235 Jenifer Hill
Bradley,Endrighi,9 Badeau Court
Genna,Valentinetti,8817 Menomonie Hill
Arabella,Bonifazio,75 Raven Circle
Elianore,Lago,7153 Springs Pass
Andreas,Sirkett,71 Shelley Hill
Stacie,Glacken,54136 Riverside Plaza
Gaile,Tivenan,5066 Corben Drive
Tate,Able,5246 Morning Circle
Leoine,Giraudat,6902 Monterey Drive
Jade,Smitton,7256 New Castle Point
Davita,Croyden,7194 West Alley
Abagail,Hounson,54914 Hansons Trail
Kathye,Ekins,72 Manufacturers Junction
Sheeree,Ibel,09087 Bluestem Center
Gwendolyn,Temple,3 Schurz Alley
Beverly,Lartice,939 Schlimgen Park
Elsey,Vakhlov,479 Linden Court
Tracy,Milsap,47628 Straubel Drive
Augusta,Seeds,749 Texas Trail
Belle,Golightly,059 Parkside Road
Claribel,Bothram,7743 Hansons Hill
Thornie,Lemonby,63 Sage Parkway
Brice,Werrilow,55 Springs Drive
Lodovico,Cowdray,53 Pond Parkway
Celinda,Picford,4 Debs Alley
Coralie,Menezes,33599 Sachs Road
Ros,Learmonth,80737 Walton Street
Cristiano,Kohn,86375 Duke Place
Ariel,Danielovitch,7 Parkside Park
Darice,Howgate,04748 Tennessee Court
Kristoforo,O'Curneen,184 Buell Road
Elayne,Cripwell,094 Texas Drive
Jesse,Pimblett,3 Northfield Parkway
Reinhard,Elleray,115 Eagle Crest Place
Raquel,Looks,42848 Farwell Center
Jemmy,Maroney,7 Stang Alley
Germana,Padefield,09 Red Cloud Point
Rheta,Ruos,8744 Luster Road
Fields,McKerlie,66275 Claremont Hill
Nickey,Leavens,76956 Armistice Park
Rey,Gath,15 Rigney Terrace
Grannie,Columbell,69 Mosinee Street
Felice,Haly,59 Kings Street
Marcella,Coathup,8551 John Wall Center
Gradeigh,Gard,35 Larry Junction
Van,Balthasar,7 Hanover Terrace
Madelin,Ortell,6250 Mayer Drive
Enriqueta,Vicary,71100 Morrow Court
Dael,Wendover,840 West Crossing
Timmie,Tamblyn,7 Union Terrace
Kira,Justham,7 Bluestem Park
Hailee,Haggarty,403 Veith Junction
Rhetta,Collisson,62048 Prentice Court
Nathanial,Gadsdon,3707 Sheridan Lane
Angelika,Yewman,7 Rusk Pass
Stanislaw,Tripcony,276 Debra Hill
Claire,Futty,70 Twin Pines Court
Herminia,Goodsir,2 Tennyson Street
Waylon,Heball,2 Del Sol Lane
Kyle,Jancic,05360 Annamark Street
Arnie,Russ,38324 Cordelia Circle
Evita,Harden,13 Claremont Circle
Yolane,Graber,156 Manley Terrace
Toby,Gioani,777 Northridge Street
Aland,Moysey,7 Village Green Crossing
Tracey,Killick,6 Sunnyside Crossing
Carly,de Wilde,65629 Trailsway Lane
Newton,Dutchburn,5 Northfield Park
Morton,Mayhew,17 Kropf Place
Maurine,Warry,05 Weeping Birch Pass
Sean,Radoux,87 Stone Corner Plaza
Ramonda,Antcliff,66482 Green Ridge Avenue
Angelico,Ellings,456 Heath Court
Cathlene,Croyden,93267 Redwing Pass
Eda,Greasley,35822 Bellgrove Way
Hasheem,Batter,316 Rusk Circle
Flin,Aven,30 Pine View Avenue
Gian,Fantone,248 Dunning Place
Theodore,Blackhurst,49498 Boyd Hill
Eli,Gumbrell,41852 Brickson Park Drive
Mace,Banaszewski,71 Hollow Ridge Road
Brew,Smurfitt,151 Kingsford Circle
Amalee,Sweeten,45855 Monument Hill
Ulberto,Peperell,3715 Menomonie Circle
Janene,Witherow,11 Springs Park
Harlie,Raubenheim,3 7th Parkway
Trumann,De Pietri,95095 Clarendon Avenue
Ogden,Kilgannon,5048 Clarendon Avenue
Dyanna,Debill,375 Glacier Hill Parkway
Margarita,Sam,530 Kim Center
Reinaldos,Ziems,6 Vera Avenue
Cathrine,Geaves,78 Dexter Place
Janella,Renney,56 Grover Alley
Annabal,Tevelov,2014 Leroy Junction
Mavis,Fairlaw,34 Talmadge Point
Phip,Schoular,0 Acker Point
Revkah,Panther,072 Susan Street
Mack,Fonso,6 Loeprich Trail
Keenan,Mazey,1 Mcbride Crossing
Gusella,Bothe,29 Old Gate Place
Bette-ann,Longson,31527 Granby Point
Fritz,Cornelius,9 Graceland Terrace
Glenn,Joliffe,22900 Raven Hill
Deanne,Folli,161 Schmedeman Parkway
Kerwin,Overill,7 Badeau Hill
Silvio,Sillick,2 6th Parkway
Rebbecca,Ketteman,34 Duke Alley
Dre,O'Neill,72 Coolidge Street
Camellia,Crickmore,0 Lindbergh Crossing
Gerda,Earey,703 Becker Drive
Stu,Caughte,544 Warner Point
Leeland,Duggon,915 Victoria Junction
Rochette,Denington,6 Atwood Hill
Anthony,Sebrook,8234 Logan Road
Derrick,Finnes,29 Randy Avenue
Mohandas,Prangley,30 Buell Pass
Bonnee,Longrigg,50 Elmside Trail
Barbi,Dionisetto,134 Derek Junction
Fritz,Franey,833 Truax Center
Anjela,Lovat,94416 Cordelia Place
Raynell,Wagon,2430 Dahle Lane
Noelani,Astbery,444 Ilene Way
Lynnet,Tapply,0184 Tomscot Circle
Alwin,Renny,8441 Spenser Center
Hewie,Cuffley,6766 Stephen Court
Sydney,Laydel,6882 Veith Parkway
Bellina,Kears,50263 Bluestem Court
Shadow,Bridgewater,3 5th Place
Zaneta,Dannel,466 Westridge Park
Felipe,Tedorenko,630 Harbort Terrace
Gusella,Allans,698 Westerfield Court
Haywood,Thowes,18624 Lyons Parkway
Kelci,Pattie,4693 Kipling Avenue
Kory,Scane,996 Corry Circle
Kial,McManamon,4426 Stone Corner Street
Marty,Yurmanovev,479 Anderson Hill
Charles,Stainton - Skinn,03275 West Pass
Perl,Dysert,013 Melvin Center
Pammi,Coleson,8 Knutson Court
Mike,Hubbins,0 Stoughton Court
Chaim,Clyma,973 Cardinal Trail
Falito,Guierre,922 Anzinger Center
Sayre,Gleeson,441 Moulton Parkway
Bria,Pope,07 Bay Junction
Tyrus,Blench,92931 Jay Way
Abbie,Cownden,455 Talmadge Pass
Filmore,Snedden,1 Lotheville Center
Francisco,Gooding,2 Sunbrook Court
Gearalt,Cassedy,724 Eggendart Crossing
Melisandra,Basili,062 Fulton Plaza
Laurens,Pethybridge,78 Columbus Circle
Jerome,De Cruz,971 Straubel Circle
Zacharia,Wingfield,104 Straubel Junction
Halli,Awmack,665 Orin Pass
Cammi,Alvey,96432 Valley Edge Center
Fern,Gregoletti,8126 Wayridge Court
Arda,Poppleston,7 Goodland Avenue
Brewer,Caulier,55 Blue Bill Park Pass
Sky,Petrou,36 Service Drive
Chrissie,Karys,6 Browning Park
Rycca,Ibbetson,241 Nobel Center
Loraine,Matuszak,29 Northfield Place
Mandel,Sincock,6469 Shoshone Crossing
Frank,Cabane,361 Parkside Junction
Merill,Seton,91599 Riverside Center
Dosi,Nutton,5182 Moose Trail
Doralin,Prattington,37140 Schlimgen Road
Gregorius,Lackney,401 Crest Line Pass
Mimi,Yeulet,101 Duke Plaza
Aaren,Toy,925 Logan Avenue
Ranna,Pont,32 Warbler Junction
Tammara,Avory,47269 Moose Terrace
Georgianna,Pusey,36580 Algoma Pass
Kristina,Hendrichs,5 Crowley Terrace
Lisha,Blomefield,63 Dwight Junction
Quincy,Bordone,02516 Twin Pines Trail
Heall,Whitefoot,72588 Mcguire Hill
Georgie,Dowall,153 Heffernan Road
Elyn,Elford,494 Ludington Terrace
Elmore,Fredy,3 Knutson Way
Nicolas,Keyser,0198 Bultman Street
Donavon,Hargitt,7 Cody Junction
Valentin,Fatscher,8214 Bashford Hill
Mikael,Feldmus,0 Kings Hill
Agathe,Woolward,45783 Holmberg Terrace
Chancey,Izzard,32 Fallview Parkway
Dix,Stiell,03589 Oak Valley Circle
Orel,Kennon,4002 Stephen Trail
Darelle,Lofts,49986 Parkside Place
Maris,Ledgeway,9 High Crossing Hill
Corney,Schneider,24988 Pennsylvania Drive
Paquito,Brandenburg,1 Katie Alley
Katuscha,Bridle,56 Kim Hill
Rad,Vasey,952 Colorado Pass
Sammie,Ginsie,640 Boyd Junction
Trevor,Grishukhin,34259 Larry Center
Rosemarie,Conneely,35855 Haas Junction
Ettie,Bortoluzzi,4 Commercial Street
Morty,Shakelady,26085 Shelley Avenue
Terese,Merle,0 Iowa Circle
Cece,Sarjant,260 Oxford Way
Gianna,Oliver,1 Graedel Avenue
Enriqueta,McCourt,91 Pennsylvania Point
Keslie,Dugald,68 Merry Lane
Kippie,Sabbins,07 Jay Park
Homere,Purse,7 Waxwing Drive
Margarette,Maxstead,766 Rutledge Terrace
Krispin,O'Hartagan,66 Elka Park
Eddy,Saurin,21 Crest Line Parkway
Yank,Paladini,4794 Esker Circle
Renato,Storton,8 Onsgard Parkway
Fredric,Stonnell,401 Sutherland Point
Filberte,Querree,20355 Sunfield Avenue
Dorita,Pollicott,7813 Londonderry Avenue
Wallace,Frankis,6 Prairie Rose Hill
Tiffie,Bedo,1 Hagan Street
Francois,Full,0 Northview Crossing
Ogden,Spire,5564 Walton Junction
Muhammad,Pearce,61 Elmside Place
Hannah,Daverin,85768 Beilfuss Court
Winslow,Dunning,4930 Hayes Plaza
Ailey,O'Doran,3 Hallows Parkway
Kristan,Brient,46365 Sutherland Street
Gregg,Babin,1 Toban Trail
Manuel,Wyrill,6 Hansons Alley
Dulsea,Wrathall,20 Butternut Center
Bamby,Blaydes,7630 Duke Plaza
Renee,Fearnley,37 Gerald Point
Kissee,Frangello,40543 Graceland Place
Peyton,Giamo,61899 Dryden Terrace
Whit,McPolin,478 Portage Crossing
Anitra,Scullin,32 Amoth Road
Barnabe,Andriulis,4589 Mendota Hill
Bonni,Pascall,22874 Kropf Terrace
Robbi,McTrusty,19 Spenser Center
Lian,Smalls,2529 Lawn Way
Wes,Coltan,43 Debra Place
Aldon,Hinsch,6232 Jenifer Point
Arliene,Cadlock,617 Di Loreto Trail
Chlo,Pervew,639 Ridgeview Park
Jacobo,Gorler,29569 Texas Place
Merilee,Edel,64 Muir Junction
Ogdan,Palay,7 Monument Road
Crista,Cross,45 Sunnyside Way
Shana,Strass,7012 Caliangt Road
Leora,Menlow,762 Jana Center
Becki,Gage,57317 Ludington Way
Mellisa,Gell,60 Hintze Center
Berty,Yonnie,49275 Grayhawk Place
Galina,Weiss,856 Burning Wood Trail
Ivory,Lowne,96 Browning Circle
Clement,Berzon,0509 Stang Terrace
Dalia,Felgate,798 Shasta Alley
Ezri,Cribbin,83 Sheridan Avenue
Shela,Heninghem,8159 Lakeland Place
Arch,Comelli,80331 Clove Crossing
Timmie,Camoys,73 Sutherland Center
Sherwin,Roderighi,5234 Center Crossing
Arni,Pember,74 Del Mar Trail
Cory,Shooter,8 Lakeland Court
Elwyn,Keays,8 Mifflin Terrace
Louisette,Jellis,24 Tony Lane
Walton,McConnel,89 Butterfield Plaza
Darcee,Simoncello,9563 Manufacturers Circle
Francene,Traice,2 Monterey Parkway
Fax,Fabbro,4137 Moulton Court
Carine,Sink,5 Autumn Leaf Alley
Abby,Bondesen,405 Village Green Plaza
Klarika,Gethin,367 Hauk Junction
Milicent,Laneham,6 Heffernan Place
Hakeem,Elston,77 Jay Point
Debora,Caldroni,989 Petterle Way
Tad,Bremner,90203 Grasskamp Circle
Welch,Danbury,7 Clarendon Alley
Tye,Bamell,678 Carioca Terrace
Phebe,Philcock,4007 Stone Corner Parkway
Montague,Froud,59 Gerald Junction
Danila,Ansill,98 Charing Cross Drive
Ilka,Tonry,082 Kennedy Center
Kristien,Towson,91591 Talisman Circle
Ewart,Hadlington,73 Thompson Lane
Steffen,Croydon,9897 Gulseth Pass
Ginger,Sommerled,71 7th Alley
Talbert,Dreier,27759 Brown Alley
Luz,Crackett,4 Swallow Center
Meg,Whelpdale,44 Almo Terrace
Benny,Dalling,4 Merchant Court
Sal,Gosnell,5 Mandrake Avenue
Dinnie,Florence,424 Blackbird Plaza
Sybilla,Gudgen,43505 Longview Point
Jonis,Rawood,0 2nd Hill
Lucie,McGirr,86 Clove Park
Yettie,Mosson,47 Melrose Avenue
Nev,Swayland,2038 Anderson Center
Elvin,Marchington,966 1st Junction
Cassy,Etchingham,7204 Hooker Place
Jyoti,Tzarkov,8 Jenna Parkway
Olly,Jaycocks,3 Lyons Alley
Keir,Girdlestone,866 Farragut Road
Jodi,Packwood,98 Springs Alley
Daisy,Bandey,10 David Drive
Daune,Laird,5 Hovde Plaza
Madelene,Cornehl,2 Porter Crossing
Emmit,Priel,775 Grim Crossing
Cornelius,De Laci,03432 Sundown Junction
Algernon,Leydon,2 Fairview Crossing
Cassy,Scholl,73 Rusk Way
Sim,Cordingly,0480 Burning Wood Park
Sauveur,Looks,912 Jenifer Pass
Lenna,Sander,50 Westport Lane
Conant,Iczokvitz,8163 Northridge Crossing
Ozzie,Studdert,1510 Maple Trail
Winonah,Rounsivall,006 Larry Avenue
Laurena,Izen,59 Arizona Pass
Salvatore,Shutle,16347 Golf Course Trail
Sutton,Rottgers,5933 Dwight Parkway
Aleksandr,Cowsby,522 Prentice Way
Arlana,Goodinge,52729 Leroy Road
Cornie,Minghella,28 Granby Avenue
Miriam,Tixier,0101 Union Alley
Raimund,Chaffin,58 Old Shore Place
Devi,Tubritt,94395 Columbus Place
Virginia,Kondratyuk,0517 Packers Point
Adria,O'Fairy,07 East Lane
Hinda,Topp,94171 Westend Point
Adara,Boatwright,0152 American Ash Street
Mohandis,Badcock,91 American Circle
Grange,Stennes,79291 Northport Street
Emelen,Wheelan,0 Westerfield Lane
Viviene,Ruck,19 Meadow Ridge Pass
Barn,Searson,816 Prentice Junction
Ad,Duckerin,77 Scott Alley
Norrie,Fouracre,321 Shasta Pass
Nanci,Cartmell,22469 Ryan Point
Irene,Sleightholm,89198 Green Center
Ailey,Dargue,3973 Main Junction
Annadiane,Pace,681 Vahlen Alley
Abel,Hugenin,34 Jenifer Junction
Lianne,Skingley,47 Carpenter Junction
Philippine,Barby,03430 Atwood Court
Lincoln,Damant,9 Arapahoe Point
Sibel,Lyard,3 Columbus Plaza
Linzy,Derisly,8743 Pennsylvania Alley
Wilona,Philipson,8 Cody Trail
Gay,Astie,2709 Eagle Crest Plaza
Ogdon,Innett,91 Summit Lane
Patrice,Summerfield,9 Elgar Pass
Carmelina,Merrikin,33043 Clarendon Drive
Cheri,Brugh,098 Muir Road
Brock,Buttwell,28 Mallard Circle
Gussie,Winny,46 Cherokee Avenue
Binny,Beet,3 Marcy Plaza
Erma,Kieran,97524 Gulseth Way
Mendel,Feaver,5190 Columbus Street
Mendie,Eyden,6 Vera Lane
Georas,Bescoby,8249 Jana Alley
Piotr,Gebby,174 Ruskin Street
Nada,Frowde,0173 Kedzie Center
Napoleon,Kerry,8989 Bartillon Road
Rudd,Greeding,083 Esker Road
Fred,Gossop,39 Linden Pass
Russ,Cowpertwait,25 Surrey Junction
Lowrance,Breckin,5 Porter Street
Franchot,Trolley,86681 Annamark Drive
Camella,Lestrange,80156 Hansons Junction
Danila,Talloe,2767 Stoughton Hill
Reade,Illiston,05720 Melody Point
Constancia,Gosland,9 Corry Center
Neddie,Matterface,24 Grayhawk Hill
Brunhilde,McCumesky,89110 Weeping Birch Place
Philipa,Cottom,1334 Tony Road
Lorelei,Wolters,76 Aberg Hill
Haydon,MacAlpin,82 Onsgard Crossing
Aldus,Innett,1330 Declaration Hill
Rosabel,Antosik,5 Nancy Plaza
Gael,Cussins,13851 Hagan Avenue
Leeanne,Simchenko,6556 Blue Bill Park Circle
Shir,Hathaway,99 Trailsway Junction
Heinrick,Hugonnet,14 Harbort Point
Guenna,Capewell,61607 Ronald Regan Road
Joseito,Powland,12 Butternut Street
Susie,De la Yglesia,90 Ridgeway Center
Forbes,Heller,4311 Helena Crossing
Titos,MacNalley,05 Emmet Court
Jannel,Maxfield,53 Emmet Drive
Zilvia,Foster-Smith,3634 Huxley Street
Guntar,Gavrielli,04347 Artisan Drive
Nikki,Tugman,102 Harbort Place
Maxy,Alvin,693 Thackeray Point
Mordy,Phethean,889 Pond Way
Bianca,Dowgill,10 Porter Pass
Fifi,Greenig,26755 Erie Park
Ashlan,Weekes,7 Artisan Way
Ivette,Kesby,8 Ronald Regan Crossing
Massimo,Whistlecroft,37577 Spaight Road
Allis,Penwarden,0237 Mosinee Place
Albert,Forkan,13572 Norway Maple Terrace
Ellsworth,Dysart,70 Fuller Road
Rana,Zelner,5 Dovetail Hill
Terence,Sibbert,29802 Oak Valley Crossing
Grace,Jeffs,5946 Doe Crossing Crossing
Bennie,Brach,3809 Hoepker Street
Jemmie,Kohrsen,76 Fulton Junction
Bennie,Gibbin,6206 Bay Court
Corinne,Tunmore,1542 Hayes Alley
Albertine,Leap,11564 Chinook Road
Delly,Gouinlock,5 Moland Road
Genovera,Abrams,1813 Daystar Avenue
Jethro,Burstow,787 School Terrace
Juliane,Baldwin,301 Waxwing Terrace
Jannel,Le Bosse,6 Forest Dale Trail
Vincenty,McCullogh,02708 8th Street
Gannie,Birkmyre,6383 Artisan Place
Thain,Lackington,8329 Morrow Way
Fayre,Bedo,77 Maywood Pass
Nesta,Spriddle,07 Rieder Plaza
Janessa,Guerriero,745 Lakewood Alley
Anastasia,Castelijn,83868 Stang Place
Justine,Timperley,25394 7th Parkway
Tisha,Elce,7 Dakota Alley
Salli,Fells,8427 Oriole Alley
Carolyn,Gayne,209 Spenser Parkway
Cate,Weatherdon,74 School Street
Hagen,Daftor,2 Sutherland Crossing
Evita,Baseley,948 Lakewood Gardens Drive
Isidor,Samuel,44732 Mariners Cove Alley
Rosamund,Burnyate,06 Huxley Circle
Kaylyn,Borkin,6195 American Ash Plaza
Bax,Gallatly,96072 Division Alley
Pauly,Brack,40 Northridge Road
Isobel,Beckhurst,96 Eliot Point
Lilah,Edler,892 Boyd Court
Chelsey,Gauson,09 Kenwood Hill
Layla,Grigolli,2 Packers Circle
Winny,Juara,1 Tennessee Trail
Cosmo,Rabjohns,184 Blue Bill Park Street
Lamar,Routledge,36173 Sycamore Junction
Gar,MacGibbon,1787 Dakota Way
Carmelle,Topling,7 Stephen Avenue
Waly,Lennard,7 Muir Avenue
Godfrey,Benedit,31002 Dwight Hill
Agosto,Lilie,656 Cordelia Pass
Shelba,Duester,8 Nova Parkway
Staci,Mager,66 Heffernan Pass
Gill,Kleinhausen,40514 Old Gate Lane
Jyoti,Blinckhorne,2 Kim Trail
Silvana,Passion,3200 Springs Street
Humphrey,Dupey,3591 Service Point
Carlita,Giddens,91 Scott Plaza
Reeva,Beardall,79 Pankratz Park
Ronnie,Trevear,8 Gale Road
Ana,Hanse,04426 Debs Place
Latashia,Northcliffe,704 Russell Court
Sonny,Lau,0 Eastwood Plaza
Noah,McBeth,3 Summer Ridge Road
Athena,Everley,08376 Village Lane
Verna,Matuska,5 Granby Lane
Maurits,Postin,9036 Southridge Pass
Fifi,Torald,35583 Jenna Plaza
Tris,Stickings,0110 Norway Maple Parkway
Rabbi,Aird,190 Blaine Center
Morrie,Robelow,7 Iowa Hill
Kristel,Gurnell,9 Monterey Hill
Sonya,Heaviside,61643 Division Court
Jasmine,Amburgy,2 Judy Court
Ethelind,Rama,285 Armistice Court
David,Botger,685 Pond Way
Gun,Poppy,05 Sommers Street
Kellen,Rodgier,052 Nova Circle
Chrissy,Bolsteridge,42 Donald Alley
Tulley,Mazzeo,209 Anthes Lane
Doyle,Banbury,2 Ridgeway Point
Sonja,Clouston,299 Anderson Avenue
Corabelle,Szreter,75707 Miller Park
Gabie,Eggleston,0082 Lighthouse Bay Crossing
Cordy,Lauchlan,530 Forest Dale Terrace
Malchy,Eates,50191 Amoth Circle
Roy,Essame,66821 Division Drive
Lance,Ivashnyov,53285 John Wall Alley
Malina,Tallant,472 Macpherson Parkway
Carine,Danielot,284 Blue Bill Park Crossing
Barrett,State,05515 Oakridge Alley
Francene,Sinnett,65 Porter Circle
Isidore,Clelland,85 Stone Corner Street
Elisha,Keming,43865 Buena Vista Way
Florence,Van Arsdalen,7250 Oak Point
Jerrylee,Ventum,3 Haas Circle
Verile,Asmus,7 Garrison Hill
Caritta,Plume,9 Brown Place
Kora,Hutchcraft,084 Hagan Hill
Francesco,Pindell,3 Dixon Crossing
Jemima,Copley,432 Heath Street
Lorianna,Cadwell,6173 Brentwood Plaza
Zach,Jeandillou,6 Mifflin Pass
Alvina,Brundle,68 Express Crossing
Abbye,Josefsen,806 Crescent Oaks Way
Winnifred,Van der Linde,59 Spaight Point
Nicola,Mc Queen,3157 Debs Drive
Celka,Bertelet,8400 Hoard Place
Cointon,Pettingill,796 Homewood Lane
Christye,Eitter,177 Scoville Circle
Carce,Bullan,790 Carioca Point
Jerrie,Paterson,62177 Eliot Trail
Lauren,Rabjohns,6 Buena Vista Center
Kendre,Showl,9319 Westerfield Circle
Michelina,Greydon,4 Morrow Trail
Haley,Sterling,2322 Kipling Terrace
Gwendolen,Eames,33894 Union Street
Mathian,Cowap,505 Grim Park
Damita,Tills,10303 Raven Street
Tilda,Kinghorn,2 Londonderry Plaza
Zane,Reynish,1065 Basil Drive
Johannes,Lansdale,05134 Main Terrace
Dulsea,Collumbine,537 Grover Road
Dunn,Offner,0 Longview Lane
Nollie,Eggerton,8 Trailsway Pass
Dieter,Tregale,4 Mendota Drive
Eugenio,Weyland,5 Lien Way
Maurene,Bolwell,722 Transport Center
Silvan,Swigger,29321 Crest Line Center
Marris,Brumfitt,41944 Green Ridge Circle
Henryetta,Kensington,8404 Nova Crossing
Jenny,Caulder,9474 Elmside Place
Erhart,Bursnell,28813 Northwestern Pass
Saunders,Idale,848 Northport Alley
Tedra,Grason,75152 Porter Trail
Tammie,Ouver,2713 Main Road
Kacey,Lyston,345 Fulton Drive
Tori,Brilon,00 Victoria Pass
Woodman,Dirkin,60023 La Follette Center
Vallie,Gratrix,62033 Dryden Pass
Meade,Avrahamian,731 Kings Circle
Vin,Jacquest,057 Golf View Point
Frazer,Coche,2521 Sunfield Trail
Freedman,Arenson,83 Gale Road
Decca,Mitchall,3 David Center
Marni,Selman,19050 Bartillon Junction
Pippo,O' Mulderrig,8029 Heffernan Way
Herbert,Skyrme,27751 Mandrake Lane
Rex,Bumford,884 Arapahoe Road
Daisy,Kordt,70 Sunbrook Road
Christy,Fewster,4 Scoville Center
Almira,Mackriell,5219 Dunning Circle
Mireille,Tiffin,3862 Annamark Crossing
Francois,Stedman,35232 Forest Dale Road
Osbourn,Mosley,63 Melvin Street
Jarret,Flower,0180 Rutledge Circle
Filip,Leatherbarrow,95 Florence Way
Bren,Bullock,532 Katie Trail
Jerry,McPeice,14 Coleman Junction
Wolfy,Adess,1 Prentice Alley
Lynn,Paulusch,8677 Coolidge Court
Dalia,Hawney,39626 Mesta Park
Bayard,Mattevi,61 Bartelt Pass
Maisey,Cloney,06 Leroy Center
Trevar,Raimbauld,25702 Scoville Way
Buddy,Rodmell,5 Ryan Parkway
Sean,Woodham,1 Ryan Plaza
Hilliard,Trembey,3946 Coolidge Circle
Mordy,Haysman,77 Westerfield Terrace
Lynnell,Latty,660 Summerview Alley
Glen,Ladley,3973 Springview Drive
Nealson,Griffe,0 John Wall Circle
Peria,Bouts,834 Columbus Center
Obadias,le Keux,69 3rd Center
Kellina,Shippam,9774 Norway Maple Alley
Ripley,Awdry,231 Forest Run Plaza
Gisele,Samsin,27 Mockingbird Drive
Brady,Drache,8876 Declaration Center
Yoko,Slixby,97 Dakota Crossing
Lamond,Daville,230 Grasskamp Place
Lindsey,Dunderdale,94614 Tony Hill
Erena,Kahen,8422 Magdeline Crossing
Selle,Shepland,07045 Forest Plaza
Beatriz,Stood,228 Memorial Plaza
Christos,Sebastian,2626 6th Park
Meagan,Mathely,216 Crowley Trail
Lev,Suffe,19924 Truax Alley
Tully,Mundy,84 Nelson Hill
Cassaundra,Abbatucci,022 Corben Street
Grete,McMorran,6 Bayside Pass
Storm,McPheat,23 Forest Dale Plaza
Noni,Trousdale,8 Hoepker Point
Tyne,Chattington,76327 Ludington Parkway
Reyna,Searchfield,19 John Wall Court
Nannie,Trineman,06434 Ridgeway Drive
Roderigo,Booeln,21 Loomis Hill
Germana,Unsworth,577 Eastwood Park
Verne,Bloan,82684 Stone Corner Point
Giustina,Klampt,8 Riverside Crossing
Ogden,Cranton,773 Corry Alley
John,Fullalove,41 Stephen Avenue
Mic,Busch,5509 Jana Court
Everard,Readman,7 Carey Place
Bria,Chaves,615 Longview Hill
Thedric,Barkway,04197 Acker Alley
Bartholemy,Inskipp,6226 Mandrake Crossing
Fanya,Cutriss,25 Harbort Hill
Lynna,Cescon,34 Fremont Crossing
Arielle,Humbee,1206 Corry Court
Maude,Burgoyne,84469 Clove Drive
Sheeree,Filtness,9197 Green Ridge Circle
Dael,Ferrarini,66890 Parkside Trail
Fabiano,McKeighan,3 Debra Place
Corabella,Keeves,7 Fulton Trail
Barri,Wevell,7632 Petterle Center
Frasquito,Poulton,50352 Schurz Plaza
Justinn,Sesser,67250 Nova Court
Doroteya,Phillipson,845 Pleasure Center
Dael,Kassidy,37 Green Lane
Osmund,Szubert,24 Northwestern Crossing
Seka,McAleese,18449 Sundown Street
Ronnie,Goublier,14533 Dottie Junction
Nadia,Benley,414 Logan Alley
Amalita,Elson,9 Gina Road
Erie,Minchinton,69936 Ruskin Way
Guillema,Lenormand,325 Corscot Junction
Berky,Snoding,969 Pepper Wood Trail
Denney,Cawkwell,8 Shasta Trail
Diane,Kyncl,0425 Springview Center
Falkner,Churches,40624 Victoria Parkway
Nicol,Clinning,240 Havey Street
Maren,Drohan,601 Anzinger Center
Diena,Tedridge,218 Loomis Place
Arman,Jacobowicz,2 Redwing Point
Ilise,Garrod,22 Pawling Junction
Cilka,Joincey,33 Elgar Way
Emmi,Longmead,407 Sachs Road
Robinet,Bayldon,4 Loftsgordon Lane
Terri,Maas,7 Menomonie Place
Nettie,Nickerson,7 Becker Hill
Brandtr,Mansion,6 Warbler Avenue
Aurelie,Grunguer,6273 Monterey Junction
Dex,Bonar,8 Summerview Pass
Willi,Sunter,65 Oak Valley Point
Bjorn,Moorey,430 Londonderry Alley
Akim,Leppo,68994 Hanover Court
Carver,Dickerline,1404 Old Gate Street
Osbert,Sprulls,116 Dawn Alley
Slade,Gillbey,80117 High Crossing Drive
Andriana,Fancet,95575 Prentice Way
Mariska,Godman,7675 Michigan Crossing
Mordecai,McCulloch,05 Colorado Street
Romy,Faveryear,4106 Kipling Plaza
Valry,Cosby,999 Stone Corner Terrace
Flynn,Coots,7291 Golf Course Court
Pen,Yakebovitch,209 Vahlen Terrace
Reynard,MacCulloch,5 Sunbrook Junction
Laurent,Chesterton,37603 Thackeray Park
Osbourne,Brownlee,6 Lakeland Court
Ashlee,Hazley,141 Arrowood Park
Max,Riby,922 Sauthoff Circle
Sybila,Koenraad,16 Crest Line Plaza
Toma,Deftie,9740 Hermina Avenue
Emmett,Catchpole,2 Warbler Lane
Jeremy,Schrieves,0824 Ryan Lane
Leonhard,Aslin,7153 Declaration Way
Shane,Smallsman,011 Homewood Street
Deane,Kern,865 Boyd Terrace
Packston,Romain,0911 Ohio Trail
Barry,Dome,913 Bultman Avenue
Daven,Lindsley,06646 Pennsylvania Road
Rodina,Blasio,87040 Maple Drive
Adam,Hedde,59715 Southridge Pass
Zitella,Saben,7 Little Fleur Avenue
Bernadine,Caban,4227 Waxwing Court
Clementine,Sandercroft,23 Summit Crossing
Constantino,Hews,661 Rieder Parkway
Jeffy,Ghidelli,2 Dahle Lane
Sumner,Laurence,323 Riverside Avenue
Darrick,Skerm,39 Nelson Plaza
Madelena,Kemshell,9726 Clemons Drive
Helaina,Dahmke,618 Debra Trail
Regan,Sines,3202 Porter Alley
Pablo,Whetland,99865 Meadow Ridge Circle
Red,Waller,2 Lillian Trail
Parrnell,Liddicoat,0654 Elka Center
Philippa,Maro,721 Mallard Alley
Kristofor,Connett,22 Welch Point
Ronni,Tunna,40 Lukken Circle
Arlan,Pankhurst.,6476 Arrowood Plaza
Erastus,Jeckell,29 Cherokee Circle
Elka,Duigenan,055 Forest Run Terrace
Link,MacHarg,57871 Sommers Terrace
Eada,Bestiman,0130 Loomis Hill
Rosy,Brittles,00 Luster Alley
Keelia,Wilkes,8 Summerview Park
Cass,Morais,70311 Eliot Plaza
Selle,MacInnes,48 Morrow Alley
Rorie,Fonquernie,2 3rd Park
Dorey,Blowing,65 Michigan Place
Othelia,Waugh,89808 Karstens Circle
Elsa,Ricker,19181 Huxley Drive
Porter,Van den Oord,38 Lillian Drive
Donnell,Concklin,4 Lighthouse Bay Avenue
Lynde,Emson,8987 Tennessee Plaza
Joe,Craske,391 Evergreen Park
Gabi,Izzat,6 Fremont Avenue
Mabelle,Hedlestone,4314 Holmberg Place
Dehlia,Dedham,937 Grover Alley
Ingaberg,Mouser,96 Namekagon Park
Rhiamon,Reidie,569 Bellgrove Park
Ingunna,Martinetto,5450 Miller Terrace
Massimiliano,Deverick,0 Milwaukee Circle
Hube,Kimmons,5491 Green Terrace
Ysabel,Antoniottii,20 High Crossing Place
Elie,Oakeby,29 Sage Lane
Ode,Leddy,9 Talmadge Pass
Tommie,Purrier,80003 Meadow Vale Avenue
Sinclair,Ive,57559 Prentice Road
Irwin,Casellas,7 Tennessee Circle
Koren,Battman,5 La Follette Center
Pall,Bicker,687 Melody Parkway
Kent,Bow,50044 Pine View Hill
Tomasine,MacPaik,2 Fallview Court
Julianna,Blasius,06 Di Loreto Point
Carolin,Hannaby,104 Esker Hill
Kissee,Bringloe,83 Corscot Alley
Pinchas,Barkus,99197 Arkansas Crossing
Osbourne,Di Roberto,20 Morning Terrace
Noemi,Veracruysse,92871 Sheridan Center
Burch,Stocking,75 Dakota Park
Iorgos,Carberry,4035 Springview Lane
Lona,Gulberg,677 Artisan Parkway
Nanete,Angrave,559 Melody Place
Marleah,Kendrew,35 American Street
Pammi,Richarson,924 Westend Drive
Merle,Casini,6 Dixon Terrace
Margret,Aulsford,7 Service Court
Tabbie,Phippard,8 Becker Circle
Ahmed,Late,71 Eagan Center
Jodie,Romagosa,325 Vera Parkway
Olva,Ivakhno,94504 Stephen Alley
Tomi,Elcocks,64 Bultman Plaza
Drusi,Zucker,288 Declaration Parkway
Schuyler,Woolacott,343 Alpine Road
Amandie,Morena,52 Little Fleur Park
Essie,Iskowitz,55 Katie Parkway
Salli,Rochewell,5817 Reinke Hill
Joana,Tschirasche,2 Kensington Point
Stefa,Good,6833 Redwing Trail
Page,Filippello,01270 Del Mar Trail
Whitney,Hutchins,5821 Kedzie Terrace
Amabel,Gurnell,011 Dovetail Lane
Pace,Blofield,2 Barby Point
Blinny,Burress,75 South Junction
Garth,Embra,21 Bluestem Way
Wilma,Longforth,0433 1st Lane
Shaylah,Graysmark,32 Erie Street
Gardiner,Fidge,44259 Michigan Point
Kerrie,Beminster,1 Southridge Parkway
Aldis,Rudland,7171 Marquette Trail
Christophe,Peert,758 Division Avenue
Sebastian,Suddick,865 Clarendon Street
Laurence,Bodemeaid,658 American Ash Plaza
Powell,Martinie,05080 Hanson Point
Idell,Tripney,6 Southridge Court
Justis,Bestwall,41 Dorton Avenue
Marge,Malcher,03797 Graedel Terrace
Lena,Scotchmer,6371 Annamark Hill
Spence,Goggin,44 Rutledge Street
Randy,Geldart,00620 Cardinal Trail
Amargo,MacParland,17297 Straubel Center
Letizia,Branford,5 Muir Center
Lona,Belitz,78 Mitchell Point
Anthia,Fawke,12100 Vahlen Junction
Kellsie,Broske,490 Fieldstone Terrace
Caressa,Peregrine,39 Arizona Terrace
Seka,Lembke,96 Forest Run Lane
Marne,Christene,4991 Arrowood Court
Teresita,Brownfield,38478 Fairview Avenue
Dee dee,Emps,8 Ronald Regan Road
Giraldo,Berceros,042 Gulseth Lane
Chan,Lohoar,31 Colorado Drive
Erich,Broseman,2 Mariners Cove Terrace
Roddie,Kempe,08 Farwell Lane
Lucian,Farndale,34 Manley Hill
Brook,Annear,8 Shopko Plaza
Gerek,Menendes,67268 Nancy Trail
Farleigh,Huddle,9404 Derek Trail
Laurence,Symcoxe,5 Charing Cross Road
Jens,Jurczyk,16863 Shopko Way
Patric,Dalwood,1591 Linden Parkway
Erena,Scemp,0307 Village Circle
Terrie,Scouller,274 Banding Trail
Anastasia,Chessil,9656 Knutson Point
Trey,Celiz,2327 Badeau Lane
Henry,Mathet,8418 Hollow Ridge Avenue
Bearnard,Helin,76 Badeau Place
Wyn,Blount,29594 Scoville Place
Daile,Japp,672 Ridgeway Center
Ianthe,Davidoff,01925 Sachs Way
Collete,Larcher,7 Schurz Street
Julianna,Leppingwell,5 Bobwhite Park
Vonny,Smeed,000 Kinsman Alley
Julius,Casier,2 North Way
Kingston,Dionisetto,446 Lunder Lane
Alberto,Woodyer,7 Laurel Street
Dall,Friskey,875 Golden Leaf Parkway
Joseph,Pick,086 Glacier Hill Center
Jock,Frostdick,14 Farragut Drive
Marquita,Harrold,9058 Declaration Terrace
Richmound,Dunne,977 Garrison Court
Ardra,Follacaro,99 Dexter Junction
Fenelia,Gerault,38987 Weeping Birch Park
Nichols,Farlham,1303 Buhler Street
Tandi,Hiskey,40 Eliot Lane
See,Nadin,614 Schlimgen Parkway
Artair,Crossfield,23 Kim Junction
Joey,Killingworth,3 Logan Hill
Skell,Burel,16 Lukken Lane
Cacilia,Burless,2 Lillian Place
Marylinda,Mandres,99589 Victoria Street
Tabitha,Posselwhite,5006 Randy Crossing
Malia,Theunissen,3045 Calypso Place
Damon,Massimo,976 Cambridge Circle
Krishnah,Ordelt,36379 Annamark Terrace
Bambie,Roiz,5 Boyd Avenue
Leigh,Tomisch,66642 Forster Street
Andreas,McMarquis,6 Boyd Circle
Reeva,Arnhold,228 Meadow Vale Plaza
Tiebout,Bushell,0461 Carberry Court
Annissa,Iannuzzelli,911 Ohio Avenue
Verene,Bottell,51468 Clove Way
Earle,Wayt,73 Mallard Lane
Wally,Cheavin,0 Almo Parkway
Zaria,Kmiec,44953 Saint Paul Terrace
Dallis,Ozintsev,70261 Laurel Crossing
Yehudit,Hemms,9 Westend Drive
Brinna,Corkitt,6053 Hallows Park
Gussie,Rainger,54 Carey Lane
Puff,Fenelon,4997 Hagan Center
Chantal,Marriott,1 Fair Oaks Pass
Loy,Widdocks,633 Pleasure Crossing
Natala,Panks,8 Reinke Plaza
Adora,Lumm,25 Grasskamp Alley
Ambrosio,Swabey,7 Mcguire Road
Zechariah,Rosenau,0 Lakewood Gardens Trail
Lorelle,Levee,90 Pawling Terrace
Esme,Barrott,1 Rusk Alley
Crystal,Shewsmith,269 Continental Plaza
Gizela,Carlin,43 Gateway Way
Cordie,Lobb,3673 Anderson Drive
Elspeth,Cameli,850 Messerschmidt Terrace
Ardra,Carleman,12 Brickson Park Drive
Charlton,Masterman,39 Fallview Plaza
Emery,Doick,87 Sauthoff Hill
Ebony,Benasik,6449 Stang Lane
Derry,Attaway,573 Nova Court
Donna,Loseke,54 Dorton Avenue
Keslie,Monkleigh,737 Mifflin Lane
Shir,McKeurtan,32524 Transport Center
Evvy,Godsmark,6 Ruskin Drive
Abagael,Deporte,23 Lighthouse Bay Road
Karie,Wakeford,8 Anderson Parkway
Cullan,Tidcomb,6 Sage Plaza
Colman,Beardow,8 Burning Wood Junction
Trude,Ygoe,61737 Welch Parkway
Mark,Linkin,15 Fair Oaks Parkway
Augustin,Sercombe,543 Fair Oaks Road
Kiel,Sheraton,0 Anzinger Trail
Violante,Fortnon,80885 Becker Street
Selle,Guarin,77 Killdeer Circle
Connor,Leith,61 Schmedeman Junction
Tad,Eskriet,5 Graedel Crossing
Lorilee,Schoffel,2183 Scoville Terrace
Conrad,Chanson,47 Pepper Wood Drive
Baxter,Tonner,9705 Sage Road
Trudie,Ponte,91995 Fair Oaks Court
Sawyer,Clarae,40 Esch Point
Phelia,Passie,49 Linden Park
Roy,Greatbanks,4 Arizona Road
Ban,Longthorn,165 Fuller Court
Kathlin,Baiyle,4 Westport Trail
Harriot,Skeath,01044 Debs Plaza
Sherye,Grzegorzewski,38855 Browning Avenue
Ignace,Huckstepp,5205 Bartillon Pass
Farley,Fletham,247 Dakota Place
Tobe,Pole,0 Cody Alley
Linus,Schaben,108 Sugar Circle
Bab,Loudwell,3 Havey Way
Astrix,Lanon,98 Maryland Road
Travus,Kindon,209 Westport Street
Lanna,Drabble,9387 Anhalt Place
Essy,Tayt,55083 Butternut Pass
Garvy,Lanfare,711 Hanson Way
Willdon,Trundler,030 Riverside Drive
Mirabella,Grubbe,63 Aberg Avenue
